"tweet_id","text","query","user_id","user_name","follower_count","user_tweet_count","likes","retweets","location_name","latitude","longitude","user_location","date"
1346819000651677696,"on dec 15 mcconnell publicly acknowledged bidens victory a week later trump blasted covidrelief deal making pointless demand for 2k checks that night i said on it appeared he wanted to hurt mcconnell on the way out damaging ga senate candidates checks out so far","covid",883413656997961728,"",391,30960,0,291,"",NA,NA,"","2021-01-06"
1346818875548057600,"cvs says it expects to finish first round of covid vaccines in nursing homes by jan 25 breakingnews news china trump biden photo biotechandpharmaceuticals biotechnology breakingnewsbusiness business businessnews cnbcbusiness coronavir","covid",1098227094864183296,"",1630,10584,0,0,"",NA,NA,"USA","2021-01-06"
1346818578293673984,"if not that covid19 kills the rich too celebrities wont bother seun kuti kidd biden senate trump","covid",313192451,"",723,25299,2,0,"",NA,NA,"USA","2021-01-06"
1346818466955882496,"coronavirus america is getting ready to do the unthinkable ration health care because trump failed to control covid biden taking over cant come soon enough we must finally confront this deadly disease get it under control asap save lives and get everyone back to work","covid",793257137866768384,"",3094,14153,2,0,"",NA,NA,"USA","2021-01-06"
1346818445111824384,"america owes a huge debt to stacey for what shes done now biden can choose the ag he wants and cabinet members and judges and the doj and pursue criminal charges against the seditious trumplicans purjury money laundering blackmail collusion etc etc amp deal with covid","covid",1325138549423792128,"",10,1656,0,0,"",NA,NA,"","2021-01-06"
1346818206246313984,"president donald trump all but guaranteed such suffering for some of his most fervent supporters when despite the existence of the new covid19 strain he urged the maga masses to congregate in washington to protest joe bidens victory","covid",63144098,"",24694,214012,0,1,"",NA,NA,"USA","2021-01-06"
1346818084053659648,"i stole this from becausewellits perfect maga magaiscancelled trump trumpmeltdown trumpcrimefamily wearamask wearadamnmask covid covid19 coronavirus gop gophypocrisy gopseditioustraitors gopsedition trumpispathetic trumpfailedamerica biden","covid",1042228017374928896,"",252,37298,0,178,"",NA,NA,"","2021-01-06"
1346818071185428480,"guy whos so inept hes allowed covid 19 to run unchecked throughout our country says what absolutely looking forward to january 20th when america will see joe biden sworn in as the 46th president of the usa trumplied352kamericansdied 46thpresidentelectjoebiden","covid",1268692168736030720,"",30,7428,0,0,"",NA,NA,"","2021-01-06"
1346817753357938688,"how does maga handle reality today georgia turning all blue police do actually mace maga and proud boys biden gets a step closer to being president hot dogs and pretzels run out covid still available no cheese being served as trump whines","covid",1282009591744733184,"",158,4486,2,0,"",NA,NA,"USA","2021-01-06"
1346817605542277120,"congress live updates lawmakers to count electoral college votes affirming bidens win in face of republican challenges i think youll need stop bitchen about the fake fraud garbage that trump has been thrown out you need to worry more about the covid","covid",1337241441869959168,"",1,228,0,0,"",NA,NA,"","2021-01-06"
1346910573963792384,"trump wont be allowed to visit scotland to play golf during bidens inauguration scotlands first minister nicola sturgeon says its illegal to travel in or out of scotland without a valid reason coming to play golf is not an essential purpose","travel",29380756,"",71,12552,0,6279,"",NA,NA,"MO","2021-01-06"
1346909287004528640,"dear president biden damn that sounds good i have watched your country be degraded for long enough trump and his enablers must face justice for there actions and any external travel by any of them must be blocked for 1 month from today none of us want him either","travel",883271294904483840,"",22,297,0,0,"",NA,NA,"","2021-01-06"
1346907613259321344,"wearing make america great again caps and sharing beers hundreds of donald trump supporters insist they will never accept joe biden as president as they travel by bus from boston to washington to protest congresss expected certification of his win","travel",53583408,"",779,15837,0,19,"",NA,NA,"","2021-01-06"
1346905848325562368,"scottish first minister nicola sturgeon on speculation trump plans to fly to scotland to play golf during bidens inauguration i hope and expect the travel plan immediately that he has is to exit the white house","travel",163611122,"",249,12966,0,103,"",NA,NA,"","2021-01-06"
1346903621825404928,"trump is considering travelling to his turnberry golf resort to avoid joe biden inauguration but scotlands minister said it is illegal to travel in or out of the country without a valid reason coming to play golf is not what i would consider to be an essential purpose","travel",710516798232219648,"",20374,42650,0,0,"",NA,NA,"","2021-01-06"
1346898363753635840,"biden won a free fair and secure election only halfwits who travel in lies and conspiracy theories believe otherwise trumpism is not democracy it is all about authoritarianism and tyranny that and paying fealty to a giant orange turd","travel",57650207,"",397,12602,0,0,"",NA,NA,"USA","2021-01-06"
1346896290731479040,"trump was considering travelling to his turnberry golf resort in scotland avoiding mr biden being sworn into office scotlands first minister nicola sturgeon has said hes not allowed to visit scotland as illegal to travel without a valid essential reason amp playing golf isnt","travel",2302054214,"",97,6115,4,0,"",NA,NA,"","2021-01-06"
1346751828197855232,"keep him out sturgeon says trump will be breaking covid law if he tries flying to scotland after leaving white house nicola sturgeon has warned donald trump against flying to scotland to play golf to avoid joe bidens inauguration as us preside","coronavirus",1284554090954072064,"",90,13171,0,2,"",NA,NA,"","2021-01-06"
1346750995104210944,"trump was planning to travel to scotland on the 19th so as not to attend bidens inauguration he will have to scrap that plan","coronavirus",1571635652,"",4816,12782,2,1,"",NA,NA,"WA","2021-01-06"
1346864254574583808,"i thought trump said the stock market would crash if biden won hhmm i wonder why it is skyrocketing lol","stock market",1145004232417980416,"",1366,24732,0,0,"",NA,NA,"","2021-01-06"
1346864019571933184,"the stock market is going up because biden will bring stability and deal with covid19 rich folks know that if trump bring the apocalypse their money means nothing lmfao trumps aspiration to destroy democracy is a bridge too fucking far lmfao","stock market",1045335723635871744,"",5307,98059,4,1,"",NA,NA,"","2021-01-06"
1346863559473590272,"trump lost and the stock market is going nuts to highest all time ever biden president and democrats turned congress","stock market",1108355990498484224,"",29,11998,0,0,"",NA,NA,"","2021-01-06"
1346863397678194688,"stock market just hit a record high didnt trump say the stock market would crash if biden were elected","stock market",1315183408822145024,"",225,9737,0,2,"",NA,NA,"","2021-01-06"
1346863272729853952,"its a complete joke fox news narrative right now will democrats give credit to trumps stock market gains biden will raise taxes on everyone trumps poor and middle class supporters are pissed trump has done so much for them what has trump done for the middle class","stock market",758503609025703936,"",977,5998,0,0,"",NA,NA,"CA","2021-01-06"
1346862907628400640,"trump predicted an epic stock market slide with a biden win and democratic control of government on the cusp of double wins in the georgia senate runoffs the dow is up almost 500 points","stock market",24774867,"",1071,10942,1,0,"",NA,NA,"DC","2021-01-06"
1346862669660352512,"biden won so stock market is up get over it fox news keeps lying obama left us with a robust economy and trump tanked it trump failed miserably","stock market",69486813,"",24,30735,0,0,"",NA,NA,"USA","2021-01-06"
1346860323718926336,"stocks extend their gains amid georgia runoff results dow jumps 500 points to record bideneconomy greennewdeal wearamask trumplost","stock market",2197106143,"",9313,817697,0,0,"",NA,NA,"CA","2021-01-06"
1346859428314820608,"didnt trump say the stock market would crash if biden was elected but now that didnt happen its because the democrats are in bed with wall street which is it cant have it both ways","stock market",1247366128114053120,"",29,532,0,0,"",NA,NA,"TN","2021-01-06"
1346856807470305280,"the stock market is booming over 535 points what did trump say the stock market would do if biden was elected possible a double win in georgia accounts for the high numbers","stock market",196759072,"",29,927,0,0,"",NA,NA,"","2021-01-06"
1346855364470452224,"remember when trump said that the stock market would crash if he loses to joe biden well i want to thank him for losing because so far today i have made 8000 just sitting on my butt as the stock market continues to climb","stock market",34989464,"",173,1187,0,0,"",NA,NA,"WA","2021-01-06"
1346854896285442048,"is tweeting about the stock market the dow is up 500 points today guess the georgia wins helped the markets since joe biden has been elected the dow has soared trumpprecedents will hurt the gop","stock market",992335398943719424,"",2001,42381,0,0,"",NA,NA,"","2021-01-06"
1346854229655379968,"the stock market is a bad indicator obama had a stock market higher then bush trump higher then obama biden will have it higher then trump","stock market",824969055987724288,"",683,4346,1,0,"",NA,NA,"TN","2021-01-06"
1346851569740914688,"the stock market likes biden warnock and ossoff dow is up 16 this morning for you maga morons thats a lot farewell to traitortrump and moscowmitch stains on americas democracy","stock market",780553155243184128,"",583,13094,0,0,"",NA,NA,"","2021-01-06"
1346851422000832512,"trump is up to his tricks with the stock market todayhes manipulating it up again and then as soon as biden is certified he is going to crash it and his propaganda tv stations are all ready setting up this premeditated trickagain","stock market",2978503906,"",3666,47609,0,0,"",NA,NA,"RI","2021-01-06"
1346848032638308352,"i would like everyone to be prepared for a few things after jan 20 the same people that crowed about what trump did for the stock market and economy 3 months into his termwill critique biden for the state of the economy 3 weeks into his","stock market",18461483,"",3717,14970,5,0,"",NA,NA,"IL","2021-01-06"
1346839805414440960,"trump gave us a hugely successful economy only if youre a rich white guy who loves tax cuts you dont need the stock market is not the economy trumploser presidentbiden46","stock market",93069144,"",167,36903,0,0,"",NA,NA,"","2021-01-06"
1346836415892615168,"djia economy stockmarket rising w optimism for the new bidenharris administration and trumps departure surprisingly the stock market generally does far better under liberal presidents than conservative ones three stocks moving this morning bac csiq regi","stock market",95708774,"",4663,9896,1,0,"",NA,NA,"USA","2021-01-06"
1346831642476871680,"im beginning to think trumps claim that a biden win would crash the stock market was a lie","stock market",480028556,"",719,41695,1,0,"",NA,NA,"LA","2021-01-06"
1346829741261668352,"so did the tax scam for the wealthy pay for itself or did the tax cut trump promised before midterms ever happen btw the stock market goes up over time regardless of who the potus is though most presidents dont use tweets to affect it bidenwon bidenisyourpresident ","stock market",914569281882353664,"",3542,12260,2,0,"",NA,NA,"USA","2021-01-06"
1346828829403336704,"georgia just stole the senate run off pence appears to be caving in and allowing biden to become an illegitimate president if trump doesnt enact eo13848 and biden illegally takes office you will see the stock market crashunemployment skyrocketand gas prices soar","stock market",1338192395700215808,"",18,1906,1,0,"",NA,NA,"","2021-01-06"
1346791960485515264,"just remember to maintain your perspective my fintwit friends clinton record stock market bush record stock market for a while obama record stock market trump record stock market biden likely record stock market","stock market",38432328,"",823,18989,2,0,"",NA,NA,"MN","2021-01-06"
1346781608452517888,"another lie you conned your people into believing that biden would cancel christmas oh and dont forgetyou claimed the stock market would tank if he was elected too can you not ever lie comrade trumpevski","stock market",274178480,"",1108,55232,1,0,"",NA,NA,"","2021-01-06"
1346852602000994304,"did you just jump in obama amp biden had a full pandemic operating guide in place before leaving in 2016 trump disbanded and replaced with nothing as usual 350000 americans are dead and more are dying under trump but hes focused on stealing the election he lost","pandemic",738090028849582080,"",220,4224,0,0,"",NA,NA,"","2021-01-06"
1346852118414712832,"im sure this two very honorable people are very proud to see the end of the trump depression the inauguration of joe biden is the beginning back to democracy and normality this president is caring about the people and will manage the pandemic for the better","pandemic",167364932,"",6,509,0,0,"",NA,NA,"","2021-01-06"
1346830536866717696,"thats the china obama biden virus asshole the only way they could destroy trumps economy treason ","economy",997582532874047488,"",33,498,0,0,"",NA,NA,"","2021-01-06"
1346829990726426624,"yes and biden placed very little emphasis on the economy beyond talking of trumps mismanagement and did not tie his critique to republicans more broadly like a sherrod brown does and obama did successfully in 2008 and 2012","economy",389022736,"",372,981,1,0,"",NA,NA,"","2021-01-06"
1346828491786866688,"what did biden do when he was vice president is there anything can you tell me president trump is rebuilding the economy and contributing to peace in the middle east","economy",1262159998072745984,"",3960,2691,0,0,"",NA,NA,"","2021-01-06"
1346827117607211008,"also this economy helped a lot of people including the middle class and all races under trump he held other countries accountable such as china unlike what beijing biden will do he will cave to china and he will destroy america","economy",1073573696135151616,"",332,7590,0,0,"",NA,NA,"GA","2021-01-06"
1346822451246882816,"without stacey we would have at least two more years of mitch gleefully killing bidens attempts to rescue our economy and fix trumps mess its hard to pick the biggest loser here mitch or trump the lesson i take from this dont cross a smart black woman","economy",719659754348539904,"",104,38339,0,6,"",NA,NA,"KS","2021-01-06"
1346822150125182976,"few republicans backed trump for reelection let the truth come out reps had to work or get fired they liked the paychecks but not the working part the obama admin also should lax in doing something trump pushed people to make economy better back to no change with biden","economy",1237171968069296128,"",2,263,0,0,"",NA,NA,"","2021-01-06"
1346820210813239296,"if the economy is so great under trump how did all these protestors get the day off ridinwithbidenharrisstacey","economy",305377799,"",79,1888,0,0,"",NA,NA,"","2021-01-06"
1346817550773067776,"drivethrough covid19 vaccine clinics are here covid19 europe usa markets pfizer moderna astrazeneca biotech bigpharma euro dollar biden trump fauci nasdaq wallstreet economy lockdown growth clinics america israel newyork fx","economy",479398450,"",12146,5332,0,0,"",NA,NA,"","2021-01-06"
1346817184912257024,"cute in the last election trumps gt2500 counties won make up 29 of the economy bidens 509 counties won 71 id say we are quite literally doing all the work","economy",1135930632289361920,"",38,3268,2,0,"",NA,NA,"OH","2021-01-06"
1346816009030799360,"i have no time for the way the chinese government currently acts neither do the democrats rather trump dislikes china due to its rapidly growing economy whereas biden dislikes china due to its human rights abuses","economy",2594650358,"",17,164,0,0,"",NA,NA,"","2021-01-06"
1346815668830806016,"biden will blame trump when economy dives americain7wordsorless","economy",175394816,"",45,3347,0,0,"",NA,NA,"TX","2021-01-06"
1346815635360198656,"i cant wait for the economy to crash with biden as president and they will tell you its trumps fault and youll all eat it up again","economy",377649830,"",633,42327,0,0,"",NA,NA,"","2021-01-06"
1346814222932574208,"thats easy mcconnell figured by late spring that trump was likely to lose stimulating the economy was more likely to help an incoming biden administration than a trump second term so mcconnell wanted to run the 20092010 playbook immiserate the country and the gop wins 2022","economy",37695577,"",84,8192,0,1,"",NA,NA,"USA","2021-01-06"
1346879179393019904,"trump not allowed into scotland to escape biden inauguration sturgeon warns","lockdown",69042455,"",402,15790,0,2098,"",NA,NA,"","2021-01-06"
1346879043313016832,"guts trump not allowed into scotland under covid restrictions to escape biden inauguration sturgeon warns coming to play golf is not what i would consider to be an essential purpose","lockdown",528775542,"",462,79044,0,33,"",NA,NA,"","2021-01-06"
1346878022771744768,"2020 election investigative documentary whos stealing america covid19 lockdown bidenconcedenow trump2020tosaveamerica schoolsreopening download our app to read more at","lockdown",3238963361,"",198,4915,0,1,"",NA,NA,"","2021-01-06"
1346876419985600512,"scottish pm nicola sturgeon says no admission for trump into scotland before the biden inauguration due to lockdown prior reports indicated airports near trumps scottish golf resort were preparing for arrival of us military aircraft on january 19","lockdown",1137872047693094912,"",5241,45003,0,190,"",NA,NA,"","2021-01-06"
1346874797637193728,"why do people think that any sitting president would have been ready to handle covid everyone underestimated its severity biden has yet to take office and besides you should wear masks isnt changing anything that trump did wake me when he issues lockdown orders","lockdown",774202201,"",169,22596,0,0,"",NA,NA,"NY","2021-01-06"
1346803988981805056,"actual covid plan joe bidens plan is the exact same as trumps besides the possible mask mandate and new lockdowns which would cripple our freedoms bidencare is the same thing as obamacare therefore its not gonna solve anything green jobs is a talking point hes gonna kill jobs","jobs",1311070323803029504,"",5,9,2,0,"",NA,NA,"","2021-01-06"
1346800912484986880,"what a bizarre world you live in most movie music stars are libs so they like politicians with liberal policies cons like trump cos he has conservative policies trump makes a big deal about protecting us jobs v biden wants better healthcare min wage etc its just politics","jobs",21201286,"",393,9206,0,0,"",NA,NA,"","2021-01-06"
1346773216740716544,"new virus circulating undetectable been in britain for past 2 months theyve been researching it for a long time teamwork allies uk pelosi mcconnell congress trump biden covidvariant variant testing diagnostics rapidtests rapidtesting fda urgent","testing",235133788,"",3148,100446,0,8,"",NA,NA,"NY","2021-01-06"
1346804920478019584,"according to bidens own campaign promises on day 1 he will undo what trump did so by his own standards 100 days should be enough to undo anything he didnt like unemployment took 3 months to reach this level so reasonably 18 months wboth cambers could see it halved but","unemployment",439606878,"",514,23171,0,0,"",NA,NA,"NC","2021-01-06"
1346804248051257344,"then youll love a biden economy remember obama lowest unemployment in years prior to trump our gdp was the highest its been in recent history you really think trump is your savior think again hes been stealing from you for four years and youve been letting him","unemployment",848734629523673088,"",198,6178,2,0,"",NA,NA,"WA","2021-01-06"
1346803418929704960,"yes sir so whats the expectation what unemployment level is acceptable if 3 under trump wasnt good enough where do liberal voters hold biden accountable at if 50k in student debt isnt forgiven what happens what if the 27 billionaires that backed biden get tax loopholes","unemployment",439606878,"",514,23171,0,0,"",NA,NA,"NC","2021-01-06"
1346798646919102464,"youre good with 330k dead and inaction on the pandemic 67 unemployment due to inaction on unemployment trillion dollar deficit trying to overturn an election you realize trump and biden arent far apart in age so our choices were literally 2 old a white men","unemployment",225985524,"",15756,61045,0,0,"",NA,NA,"NC","2021-01-06"
1346772613176160256,"youre a complete idiot arent you before the china virus the trump administration had the best economy the lowest unemployment in over 50 years was bringing millions of jobs back that obama biden sent away you need to stop believing everything cnn is telling you youre fool","unemployment",890936346050777088,"",3,499,0,0,"",NA,NA,"OH","2021-01-06"
1346769390222495744,"president obama created an average of 27 thousand american jobs each week of his presidency trump lost an average of 15 thousand american jobs each week of his biden will reduce unemployment in his presidency so the republicans can shut up about being job creators in 2024","unemployment",127258729,"",3299,130268,0,99,"",NA,NA,"WA","2021-01-06"
1346755728019742720,"yet its ironic how president trump had and has more support of and did more for black people as you say with the lowest unemployment in history obama and biden has 8 years and accomplishment nothing why is that","unemployment",738511966310961152,"",12,5010,0,0,"",NA,NA,"NH","2021-01-06"
1346751768588406784,"yea and you are fired in just 14 day thanks to and so best get packing byekayleigh enjoy unemployment trumptapes trumpmeltdown trumpbeggedlikeadog 11780 trumpisalooser trumpisanationaldisgrace bidenharris2020","unemployment",28976013,"",637,3898,0,0,"",NA,NA,"USA","2021-01-06"
1346794353616953344,"trump lost the presidency the senate and control of covid and biden beat him with more votes and reversed electoral college losses senate controlled by democrats warnock first black senator of georgia ossoff first jewish senator of georgia vaccine coming hopefortheday","vaccine",839806306127052800,"",510,23471,0,9,"",NA,NA,"","2021-01-06"
1346794351775473664,"presidentelect joe biden will call out the trump administration on the pace of vaccine distribution in remarks later today","vaccine",1324037020495171584,"",1,30,0,123,"",NA,NA,"","2021-01-06"
1346793531898212352,"bullshit you and your team didnt develop a vaccine everyone knows it the only one that was worth having was dr fauci thank god joe biden has him you have been a terrible vp caving to trumps every demand no spine of your own goodbye amp good riddance","vaccine",265247535,"",5137,29553,0,0,"",NA,NA,"FL","2021-01-06"
1346916178921365504,"supporters of president trump have breached the us capitol according to capitol police officers as lawmakers count the electoral college votes certifying presidentelect joe bidens win","president",3250990356,"",429,8806,0,4198,"",NA,NA,"","2021-01-06"
1346916176903942144,"thousands of trump supporters have staged an attempted coup at the presidents urging breaching the halls of congress while elected officials were beginning to certify joe bidens presidential election win","president",1031993998628597760,"",5,286,0,134,"",NA,NA,"MN","2021-01-06"
1346916176341979136,"protrump protesters have stormed the us capitol where members of congress were meeting to certify presidentelect joe bidens win","president",1004573740007555072,"",666,12001,0,3089,"",NA,NA,"TX","2021-01-06"
1346916175872024576,"watch supporters of outgoing us president donald trump hold a demonstration at us capitol in washington dc as congress debates certification of joe bidens electoral victory","president",1271147415660146688,"",53,8392,0,387,"",NA,NA,"","2021-01-06"
1346916174311739392,"for those worrying about the legal implications dont trumps term ends on january 20 if he isnt removed before then congress will certify biden as soon as it can assemble and in the 000000000001 chance it cant assemble before then pelosi would become acting president","president",10687392,"",2616,17410,0,375,"",NA,NA,"CA","2021-01-06"
1346916171103264768,"president biden is safe donald trump is responsible for this and will be held accountable pence will not pardon him","president",721034881,"",6,279,0,0,"",NA,NA,"","2021-01-06"
1346916170851643392,"vice president mike pence was swiftly ushered out of the senate chamber after protesters supporting president donald trump breached the capitol amid congress certification of presidentelect joe bidens electoral college victory","president",790102813,"",227,3898,0,525,"",NA,NA,"MD","2021-01-06"
1346916170318934016,"president donald trump pressured georgia secretary of state brad raffensperger to find enough votes to reverse his loss to presidentelect joe biden in georgia a look at trumps claims and how they compare with reality","president",1220122466133082112,"",213,1336,0,42,"",NA,NA,"","2021-01-06"
1346916170050494464,"president donald trump called for peaceful protests on wednesday after his supporters stormed the capitol following a rally during which he urged congress to reject democrat joe bidens election victory","president",1244031510312824832,"",367,3712,0,4,"",NA,NA,"","2021-01-06"
1346916169333301248,"a protester flies a trump flag inside the us capitol near the senate chamber after trump supporters breached the building during an electoral college vote certification for presidentelect joe biden in washington dc capitolbuilding ","president",1059335214,"",502,1916,0,259,"",NA,NA,"","2021-01-06"
1346916169010319360,"its not a tight race ossoff already leads by thousands more than presidentelect biden beat trump by in georgia its over called it already","president",267616818,"",9892,102837,0,1761,"",NA,NA,"USA","2021-01-06"
1346916165004767232,"hes not presidentelect yet trump won alabama and arizona what has biden won","president",1158484992860684288,"",725,1621,0,0,"",NA,NA,"","2021-01-06"
1346916164606320640,"this is fucking nuts funny how big bad antifa never stormed the capitol in four years of trump but bidens been president for negative two weeks and theyve already done it","president",622848387,"",48,6103,0,43,"",NA,NA,"","2021-01-06"
1346916159413751808,"breaking just talked with as he and his staff are barricaded inside their offices while protrump protestors storm the us capitol disrupting the electoral college count for presidentelect joe biden 12","president",707997066,"",15,645,0,61,"",NA,NA,"","2021-01-06"
1346916159363440640,"trump is still my president biden cheated maga 2020 best president","president",1097852121041506304,"",911,17326,0,39,"",NA,NA,"","2021-01-06"
1346916158054793216,"president elect biden is going to address things before president trump well this is ridiculous they need to drag his ass out of the white house today and impeach him","president",1069050562694561792,"",4,348,0,2,"",NA,NA,"","2021-01-06"
1346916157702500352,"breaking protesters backing president trump breach the us capitol forcing a delay in constitutional process to affirm biden win","president",168542732,"",2786,14263,0,349,"",NA,NA,"PA","2021-01-06"
1.346916156981e+18,"i never thought 10 years ago that in early 2021 id be watching a cspan stream from the middle east wondering if a house hearing to try to sabotage joe bidens defeat of president donald trump in a presidential election was going to be stormed by protrump supporters","president",89564539,"alex hazlett",2009,3152,0,57,"",NA,NA,"","2021-01-06"
1346916155387240448,"breaking national protesters supporting president donald trump stormed the us capitol clashing with police and forcing a delay in the constitutional process to affirm presidentelect joe bidens win","president",158192819,"",1079,11834,0,0,"",NA,NA,"CA","2021-01-06"
1346916151788507136,"joe biden will be president regardless of what else happens today and i truely hope that he has soon to be ag merrick garland investigate trump and throw him in prison","president",330089185,"",284,3931,4,0,"",NA,NA,"OH","2021-01-06"
1346916147740991488,"president trump there is an additional remedy joe and hunter biden should be arrested before january 20th for corruption and treason relating to their bribes received from china the ukraine and russia","president",2742831744,"",100,5531,0,116,"",NA,NA,"","2021-01-06"
1346916146004582400,"as they prepare to confirm presidentelect joe bidens clear victory over president donald trump republican lawmakers have turned what has long been a routine procedureconfirming states electoral countsinto a pitched partisan loyalty test","president",89719254,"",1259,11214,0,40,"",NA,NA,"","2021-01-06"
1346916145165688832,"president trump if the news outlets paid attention to the fact of the size of the crowds at your rallies they would see that there is no way joe biden won the presidency stopthesteal","president",3192330104,"",9,1038,0,0,"",NA,NA,"","2021-01-06"
1346916141852094464,"protestors objecting to joe bidens victory breached the us capitol security barriers as lawmakers tried to count the electoral college results in an extraordinary moment spurred by president trumps protest of election results follow our live updates","president",2720578398,"",1556,6683,0,115,"",NA,NA,"","2021-01-06"
1346916138882629632,"confirmed brett mcgurk who served as envoy for the global coalition against isis under trump admin before resigning in protest over president trumps decision to withdraw from syria will join the biden admin as middle east and africa director at the national security council","president",262818152,"",1514,12149,0,2453,"",NA,NA,"DC","2021-01-06"
1346916132977057792,"breaking news vice president mike pence was rushed from the senate chamber and the capitol building was placed on lockdown as protrump protesters who sought to overturn presidentelect joe bidens victory stormed congress","president",212019807,"victoria steveley",4144,18450,0,1608,"",NA,NA,"","2021-01-06"
1346916126819831808,"nothing they do is going to change biden being president i hope they c an get these morons under control and get them outtrump is going down for thisnot today or tomorrow but soon","president",1266112434412179456,"",370,7610,1,0,"",NA,NA,"","2021-01-06"
1346916126790463488,"washingtondc this is truly horrific the sitting president is a complete threat to democracy he has created this violence with his dangerous rhetoric and actions there are still too many days before he has to make way for president elect biden in my opinion enough now trump","president",965945523499950080,"",5961,136352,0,46,"",NA,NA,"","2021-01-06"
1346916121853747200,"arkansas leaders are reacting to news that protrump supporters breached the countrys capitol during a joint session with congress to confirm joe biden as president","president",1320033782,"jade jackson",12624,77511,0,6,"",NA,NA,"AR","2021-01-06"
1346916121212018688,"last summer i asked you to your face to condemn white supremacist terrorism enabled by trump and you refused even now you wont accept biden as president amp support trump despite his loss even now you wont call this an act of terrorism amp condemn it your silence led to this","president",1295198970990538752,"",387,291,0,180,"",NA,NA,"","2021-01-06"
1346916121090396160,"thousands of protrump protesters flocked to the nations capital today in support of president trumps demand that vice president mike pence and congress block joe bidens presidential victory","president",836264074447052800,"",158,267,0,407,"",NA,NA,"","2021-01-06"
1346916120368918528,"presidentelect joe biden to comment shortly on todays attack on us capitol an attack implicitly but not explicitly egged on by president trump who urged supporters to take their protest to the capitol","president",347991132,"",393,4773,0,33,"",NA,NA,"","2021-01-06"
1346916119412695040,"defying us president donald trump vicepresident mike pence said that he does not have the power to discard electoral votes that will make joe biden the next president","president",985685642,"",123,619,0,27,"",NA,NA,"","2021-01-06"
1346916116140941312,"so cute the proud boys committing treason think stopping the electoral process means trump stays in office nope trump leaves jan 20 at noon if no new president is decided nancy pelosi becomes acting president until biden is sworn in so look at how many want nancy in charge","president",92999280,"",399,49885,0,0,"",NA,NA,"","2021-01-06"
1346916111250558976,"president trump we will never give up we will never concede yet trump doesnt have to concede because in hours this election process will be officially over presidentelect joe biden will come into office in 14 days and trump will be complaining as a private citizen","president",3283517004,"",1506,31300,0,1772,"",NA,NA,"","2021-01-06"
1346916110071984128,"if true presidentelect biden making a statement ahead of the president trump","president",81852590,"",1940,160636,0,5,"",NA,NA,"OH","2021-01-06"
1346916109191176192,"also its not like youre losing anything when biden becomes president hes not gonna take anything away from u biden and trump literally a piece of the same coin you dumb fcks","president",3365203889,"",264,14620,0,0,"",NA,NA,"","2021-01-06"
1346916108092235776,"if trump was the president of nigeria or any of such countries pretending to be democratic nations he would refuse to hand over to biden dem never born am well to stay a second longer than 12pm 4 white house come 20th january","president",168592585,"",2699,469203,0,29,"",NA,NA,"","2021-01-06"
1346916102526414848,"president trump needs some doses of these to calm his frail nerves until 20th january joebidenisyourpresident","president",38243236,"",271,400,0,0,"",NA,NA,"","2021-01-06"
1346916094498451456,"this is what the trump legacy will be rabid fascist mobs storming the capitol of the worlds oldest democracy and forcing the peoples representatives to evacuate the process will go on joe biden will be the president but trump will own this disgrace through all of history","president",450712216,"",328,32822,0,5,"",NA,NA,"DC","2021-01-06"
1346916093634424832,"president trump is calling out joe and hunter bidens corruption with ukraine russia and china","president",3796144275,"",539,91938,0,297,"",NA,NA,"","2021-01-06"
1346916084553801728,"its time for mike pence and the congress to invoke the 25th amendment to dethrone the orange fuhrer and then swear in mike pence as the 46th president to put an end to trumpty dumbtys incompetence i dont think joe biden will not object to being 47 instead of 46","president",166263452,"",4,272,0,0,"",NA,NA,"","2021-01-06"
1346916084318920704,"breaking vice president mike pence defies president trump says he cant claim unilateral authority to reject electoral votes that will make joe biden president","president",1164316734901444608,"",16,1247,0,1339,"",NA,NA,"TX","2021-01-06"
1346916083337482240,"trump made the va way better not sure what you are smoking dude but biden is not the president lol","president",1869616754,"",39,497,1,0,"",NA,NA,"","2021-01-06"
1346916079801683968,"trump is the last president of america babavanga americansfirst saveamericarally biden democrats washingtondc","president",1171429039694737408,"",46,297,0,0,"",NA,NA,"","2021-01-06"
1346916076597219328,"this is all a violent attempt to derail the formal recognition of joebiden as our next president open the envelopes announce the electoral votes and lets rid our country of this treasonous president capitol terrorism trumprally treasonagainstamerica americaunderattack","president",134614170,"eric hanke",437,870,0,0,"",NA,NA,"TX","2021-01-06"
1346916071018815488,"us vicepresident mike pence rejects a plea from donald trump to block joe bidens election win from being certified latest","president",1092139465311744000,"",5,1103,0,1314,"",NA,NA,"","2021-01-06"
1346916070486126592,"gtfoh only the idiot trump sheep have a reason to interrupt the certification of president biden traitor trump and all these idiot cult sheep should be arrested and thrown under the jail","president",484333579,"",86,6602,0,0,"",NA,NA,"OR","2021-01-06"
1346916066518331392,"supporters of outgoing president donald trump breached security cordons and entered the capitol during the certification session for presidentelect joe biden the us house and senate were forced into emergency recess and the capitol building locked down","president",374699298,"",5401,532975,0,325,"",NA,NA,"","2021-01-06"
1346916063955415040,"todays chaotic capture of the us capital will be quelled trump will be kicked out amp biden will become president however next time this happens most likely that will usher in the dawn of a completely new era let the wise pay heed and prepare accordingly god help us all","president",18574274,"",18,69,0,81,"",NA,NA,"","2021-01-06"
1346916061216649216,"so donald trump is encouraging our vice president to subvert the will of the american people who waffly voted for joe biden donald trump and any republicans that go along with him our enemies of the american people and america as a whole","president",308803163,"",51,17999,0,0,"",NA,NA,"","2021-01-06"
1346916055030104064,"trump when his ass gets locked up for inciting violence when biden is president","president",3011062521,"",5131,54922,11,1,"",NA,NA,"","2021-01-06"
1346916048126226432,"this is the people showing their support for the real president elect no one wants biden because he is sold to the wef plan the great reset biden will close down the country immediately trump is the only president the elite cant control","president",3025652567,"",22,173,0,0,"",NA,NA,"","2021-01-06"
1346916047958499328,"washington ap protesters backing president trump breach the us capitol forcing a delay in constitutional process to affirm biden win","president",890235364367093760,"",139,20342,0,3,"",NA,NA,"TX","2021-01-06"
1346916046134009856,"this isnt a what if buddy when u lost in 2016 u burned stuff down and still cant accept that he won to this day you guys wished death on our president and said wrong trump when his brother died see the difference between our parties is i hope joe biden does a great job for the","president",1266091305236652032,"",8,322,0,0,"",NA,NA,"","2021-01-06"
1346916041394429952,"the us capitol has been put on lockdown as supporters of donald trump protesting presidentelect joe bidens victory breached security barricades read more","president",49770256,"",202,2419,0,65,"",NA,NA,"CT","2021-01-06"
1346916040765272064,"the mob incited by trump thats breaking into the capitol wont stop winner biden becoming president but they will turn more people against one of the worst losers in us history","president",1167547766828126208,"",393,52807,0,102,"",NA,NA,"","2021-01-06"
1346916039687196672,"angry supporters of president trump stormed the us capitol wednesday marching through the building shouting and waving trump and american flags and forcing a halt to congressional deliberations over challenges to joe bidens electoral college victory","president",913825544,"",238,18962,0,12,"",NA,NA,"AK","2021-01-06"
1346916032229879808,"trump supporters theyre fucking everything up because that stupid orange thurd is still convinced that biden stole his votes and he doesnt have the right to be called the new us president","president",163669419,"",553,27243,46,2,"",NA,NA,"","2021-01-06"
1346916013124816896,"senate majority leader mitch mcconnell delivered a forceful rebuke of president trumps baseless claims of widespread election fraud warning republicans of the damage their efforts to try to overturn joe bidens election could do to democracy","president",1005675566,"",2453,389018,0,93,"",NA,NA,"IL","2021-01-06"
1346916010671153152,"finally an npr reporter who was there 2 decades of experience has seen thousands of protests never like this sue davis speaker pelosi has also requested national guard trump fomenting violence but outcome not in doubt biden will be president harris will be vice pres","president",912975337,"",1432,198771,2,1,"",NA,NA,"","2021-01-06"
1346916007907045376,"if trump really wanted to he could stop it with just a few words i concede joe biden is presidentelect stand down and go home its over","president",1682597274,"",324,10186,0,13,"",NA,NA,"","2021-01-06"
1346916000512397312,"todays violence and lawlessness has to stop immediately to begin repairing the damage donald trump should acknowledge what he knows to be true he lost the 2020 election and joseph biden is the presidentelect","president",170940045,"",19,2297,0,652,"",NA,NA,"","2021-01-06"
1346915996330692608,"when will trump supporters get it through their tiny pea sized brains that he lost and they need to deal with it this country will be on to bigger and better things when president elect joe biden is inaugurated puuurrrr","president",1230712159597809664,"",41,1303,0,0,"",NA,NA,"CA","2021-01-06"
1346915989892571136,"trump is no president president biden should take over the presidency as of now","president",470847932,"",2955,129905,1,0,"",NA,NA,"","2021-01-06"
1346825353210298368,"in about 4 more hours pence will be doing what is required announce joe biden is our next president and telling trump see ya the mask less morons protesting are exposing our natl guard and police to covid dampen them down and reduce the spread with firehoses","mask",1041805620758708224,"",25,5028,0,0,"",NA,NA,"","2021-01-06"
1346824245071015936,"emphasis enhancement trump lost biden won wear a mask shut the fuck up yeah more appropriate","mask",983809428,"",306,8532,7,2,"",NA,NA,"","2021-01-06"
1346823396043223040,"trump is profoundly unwise and very unteachable even after scientists tried to educate him he still refused to wear a mask and hosted super spreader events so he lost millions of supporters who then voted for biden they just couldnt vote for a dumb reckless president","mask",965384102,"",7,204,0,0,"",NA,NA,"IL","2021-01-06"
1346819225546010624,"bro ive just remembered trump flaming biden for wearing the biggest mask he has ever seen during the debate then goes on to catch the rona the following week","mask",62002793,"",8526,392717,1,0,"",NA,NA,"","2021-01-06"
